Product_URL,Product_Name, Product_Price ,Rating,Number_of_reviews,Description,ASIN,Product Description,Manufacturer
https://amzn.eu/d/6GQhyMY,FUR JADEN , ? 799 ,4.4,71,N/A,B0BYSZ3TKW,"Stay organized all day with a durable and lightweight backpack from Fur Jaden. This back pack is a stylish and functional accessory for men and women. Can add admiration to an appealing and daring personality with a remarkable aesthetics and functionality. This backpack features an anti-theft design. You can also charge your phone on the go and organize your stuff like pro. Fur Jaden functional back pack is apt to protect your gadgets and belongings from being stolen while you travel, thanks to its special anti-theft design. Now keep your belongings safe with style. The backpack features multiple compartments that you may use for your laptop and other essentials. A remarkable feature of this backpack allows you to charge your phone while you are on the move. With an attached charging dock in the back you may connect a portable power bank with ease. Weighing about 600grams, this backpack is lightweight. The backpack is able to house a laptop of up to 15.6 inches and has seven inner compartments to place your other essentials. Made from durable quality polymer this Fur Jaden back pack is sturdy and reliable. Flaunt this bag with style and low maintenance as this bag is washable. This backpack is also suitable for school or college. The straps are designed to distribute the weight equally on each shoulder preventing any sort of discomfort. Use this back pack for office, college/school or during travels.

",FUR JADEN
https://amzn.eu/d/bzOpjcE,TUFAOL ," ? 1,797 ",5,1,N/A,B0C9W7D7DL,"ERGONOMIC AND LIGHTWEIGHT: 62 x 32 x 22 CM, The breathable grooved carrying system keeps your back comfortable and relaxed during travel. Air flow design Breathable 3D mesh on the back fabric can reduce sweating for extra comfort. Our backpacks are designed so that you can lighten the burden on your back during travelling.",N/A
https://amzn.eu/d/b42j3pe,American Tourister," ? 1,199 ",4,"8,188",N/A,B07CJCGM1M,N/A,Samsonite
https://amzn.eu/d/5M843Nv,Wesley , ? 550 ,4.3,"1,451",N/A,B084JGJ8PF,"Laptop Compartment, Waterproof, Lightweight, Ergonomic Design, Padded Strap",Wesley
https://amzn.eu/d/6Rl9w6H,Skybags, ? 669 ,4.1,501,N/A,B08Z1HHHTD,"Ideal for a college student who does not carry a lot of books or laptop to college. Very stylish, slim and feature loaded Backpack",VIP Industries Ltd
https://amzn.eu/d/d8Aw04s,Half Moon, ? 849 ,3.9,461,N/A,B09VCLZ3K4,"This backpack is lightweight water-resistant, capacity of approx 37 Ltr, has a soft and ventilated back panel, and is perfect for carrying all your necessities. Adjustable and breathable padded shoulder strap to meet different requirements for both men and women; made from highly rip and water-resistant polyester fabric, provide strengthen and long-lasting performance; roomy enough for your traveling requirements also having a Rain cover.",Amazing Bags
https://amzn.eu/d/f2zHHZT,American Tourister," ? 1,199 ",4.3,98,N/A,B0BTD4S4XF,"A backpack isn’t just a bag. It’s a cache, a case, a mobile base of sorts. And it is a reflection of the care you’ve put into selecting the ideal loadout of items to keep on you. Introducing Valex, a modern everyday backpacks collections are available in a variety of nice looking colours to express your true self",EXPERTS
https://amzn.eu/d/gsJcdUu,Wesley Spartan, ? 749 ,4.1,249,N/A,B098QFF5TJ,Wesley Spartan Unisex Travel Hiking Laptop Bag fits Upto 17.3 inch with Raincover and Internal Organiser Backpack Rucksack College Bag,Wesley
https://amzn.eu/d/5tlzIy0,Half Moon, ? 649 ,3.9,"1,586",N/A,B085MHDJ93,HALF MOON,Amazing Bags
https://amzn.eu/d/6xoja8A,Gear , ? 987 ,4.4,786,N/A,B07G4F6XFH,"Gear bags are designed for the quick commute as well for the long journey. these backpacks can be used as laptop bags,adventure bags and so on. Your favorite travel companion, The backpacks come with enough storage space to carry all your requirements.",Gear Merchandise PVT LTD
https://amzn.eu/d/8dgiq7d,POLICE ," ? 1,399 ",4.1,"1,087",N/A,B09CQ5T3LN,Backpack,N/A
https://amzn.eu/d/jlyYUnw,Safari," ? 3,499 ",5,0,N/A,B097JLZBK3,"For the new age professional, the Safari Sage is the answer to all backpacking needs. The dedicated laptop and tablet sleeves and the Multi Utility Organiser ensures that there is a place for all your essentials. The water resistant and highly durable premium fabric ensures that all your belongings are safe, irrespective of the conditions. The Smart Sleeve allows you to slide your backpack on your luggage for a seamless travel experience. The USB Charging Port keeps you connected always. Its handy Sunglasses Pouch makes sure you never miss a chance to impress!",Safari
https://amzn.eu/d/gzGejIk,Safari, ? 248 ,4,"1,824",N/A,B07Q7CNPMV,"Be it your short trips or your daily travel across the city, daypack has got you covered. With a 15 litre capacity daypack lets you carry your wallet, umbrella, kerchief, keys, earphones, Notepad, pens and other Essentials. The drawstring compartment lets you dump things that you pick up on your way. Compact Size and 2 Compartment.",Safari Industries (India) Ltd
https://amzn.eu/d/8cjtxSD,TRUE HUMAN, ? 689 ,3.8,319,N/A,B09QJ7ZF2Y,EMPEROR,N/A
https://amzn.eu/d/7xMwDHU,ADISA , ? 549 ,3.9,111,"Light weight and spacious laptop backpack with 2 compartments and 1 front easy-access pocket. One compartment is for carrying laptop inside with padding for safety and space for laptop accessories like charger, etc. Other compartment has organiser for pens, visiting cards, etc along with space for carrying papers, files, etc. It has provision for holding bottles on both sides and has padded shoulder straps for your comfort.",B09TPX22NF,ADISA,ADISA
https://amzn.eu/d/48YvjaI,NORTH ZONE, ? 499 ,4,70,N/A,B0BS6QQZYN,"Care Instructions: Do not expose to extreme heat The Hype 1 Casual Backpack from Northzone Sport features an elegant look and feel. It is a perfect every day carry for speedy city commutes, college or school. Keeping it unique and stylish, this Northzone backpack features a versatile shaded design with the Northzone logo print on the face of the bag. Sturdy, spacious and elegant are the spirit of this backpack. Plenty of Space & Pockets: This college bags for girls and boys features two spacious compartments that can each fit book, iPad, A4 size files, lunch box, light clothes, school supplies & accessories. It also features a zip compartment with multiple organizer pockets for keys, pens, pencils, cell phone, power bank, etc. The twin mesh pockets on each side helps pack in a water bottle and a compact umbrella. Lightweight & Sturdy: This school bags for girls and boys features a multi ventilated 10mm robust mesh padding that provides maximum back support. The straps are breathable, padded and adjustable that helps to relieve the stress on your shoulder. The top of the backpack features a webbing loop top handle that helps in carrying the backpack with ease. External Dimension: Length – 33cm, Width – 21cm, Height – 49cm, Weight – 1,000 grams. Capacity – 34 litres. Laptop Compatibility – yes",SHABA BAGS
https://amzn.eu/d/aG20qJx,Lenovo , ? 839 ,4.3,309,N/A,B08R7RPVJF,N/A,Lenovo
https://amzn.eu/d/74opSOF,Gear ," ? 1,125 ",4.4,845,N/A,B075MK4TXP,N/A,Gear Merchandise PVT LTD
https://amzn.eu/d/cIlal2w,FUR JADEN, ? 679 ,4,"1,320",N/A,B09VTDMRY7,"Stay organized all day with a durable and lightweight backpack from Fur Jaden. This back pack is a stylish and functional accessory for men and women. Can add admiration to an appealing and daring personality with a remarkable aesthetics and functionality. This backpack features an anti-theft design. You can also charge your phone on the go and organize your stuff like pro. Fur Jaden functional back pack is apt to protect your gadgets and belongings from being stolen while you travel, thanks to its special anti-theft design. Now keep your belongings safe with style. The backpack features multiple compartments that you may use for your laptop and other essentials. A remarkable feature of this backpack allows you to charge your phone while you are on the move. With an attached charging dock in the back you may connect a portable power bank with ease. Weighing about 600grams, this backpack is lightweight. The backpack is able to house a laptop of up to 15.6 inches and has seven inner compartments to place your other essentials. Made from durable quality polymer this Fur Jaden back pack is sturdy and reliable. Flaunt this bag with style and low maintenance as this bag is washable. This backpack is also suitable for school or college. The straps are designed to distribute the weight equally on each shoulder preventing any sort of discomfort. Use this back pack for office, college/school or during travels.",FUR JADEN
https://amzn.eu/d/c82V49c,Sfane , ? 387 ,4.3,726,N/A,B07XXFB9CZ,"Sfane Sports Bag practical everyday sizing make it great for hauling just about anything.Big compartments holds Sports Clothing, Gloves, Shaker, Sports ball, Sports Accessories, etc. Or anything that might be wet or soiled. High quality provide years of dependable service. Made in India.",Sfane
https://amzn.eu/d/hXk3so0,EUME ," ? 2,499 ",4.4,7,N/A,B0B4JQSMD5,QUICK ACCESS TO MUST-HAVES,EUME Lifetsyle Pvt Ltd
https://amzn.eu/d/5DfA9eY,uppercase ," ? 1,200 ",4.3,11,N/A,B0B9T4YDPX,N/A,Acefour Accessories Pvt. Ltd.
https://amzn.eu/d/47MgX1E,EUME ," ? 2,499 ",4.4,7,N/A,B0B4JNV37M,QUICK ACCESS TO MUST-HAVES,EUME Lifetsyle Pvt Ltd
https://amzn.eu/d/1u3VQOy,uppercase ," ? 2,400 ",4.3,25,N/A,B0BXFDK5J2,UPPERCASE,Acefour Accessories Pvt. Ltd.
https://amzn.eu/d/6NacH0A,FUR JADEN, ? 899 ,4.3,896,N/A,B07M9BRCQ5,Fur Jaden Brown Textured Leatherette Stylish & Spacious Weekender Duffle Bag for Travel,Fur Jaden
https://amzn.eu/d/dzM592w,MI, ? 389 ,4.1,854,N/A,B088XB5XY8,N/A,Korrun India Pvt. Ltd
https://amzn.eu/d/22TQ2KY,Gear , ? 229 ,3.7,938,N/A,B019HA8AYG,N/A,Gear Merchandise PVT LTD
https://amzn.eu/d/hcY9MyW,NORTH ZONE, ? 415 ,4,23,N/A,B0BL3TVDK6,"NORTHZONE BACKPACK If you carry your laptop to and from work, then this laptop bag from Northzone will definitely make travelling easier. Compatibility This backpack can fit a 38.1 cm laptop comfortably. Compartments This bag has three spacious compartments to store the laptop, charger, external devices, and other accessories with ease. Pockets The two mesh pockets on either sides of this black and blue backpack allow you to store a water bottle, ID card and other knick-knacks, so you can access them easily.",Northzone
https://amzn.eu/d/6Ncv94T,Lunar's , ? 899 ,3.9,"1,048",N/A,B08YZ8FFBZ,LUNARS BINGO YOUR  CARRY PARTNER,"Akshaya Rubbers, Hebbal Industrial Area, Mysore"
https://amzn.eu/d/4g0xpiu,TRUE HUMAN, ? 680 ,3.6,40,N/A, ? B0BYB631NR,EMPEROR,Rama luxury store
https://amzn.eu/d/902IBAN,Safari, ? 899 ,3.9,95,N/A,B09B25Z8M2,"Safari Quill is a 26 Litres, 2 compartment laptop backpack perfect for daily usage. It has a dedicated tech safe laptop sleeve that can hold upto 17 inch laptop or any smaller ones easily. The laptop sleeve is also fully padded from the bottom protecting your device from any shock or damage. This backpack is especially designed for todays fast paced world, where everything should be compact and lightweight. This backpack is perfect for everyday usage such as college, school, tuitions, or short holiday trips. The front pocket is designed to keep your essentials organized and side mesh pockets are perfect for storing your water bottle and umberella. Made of high grade water resistant polyester fabric, this backpack will last you several trips.",Safari Industries
https://amzn.eu/d/fGaiggF,Safari, ? 899 ,4,75,N/A,B09B28TKLG,"Safari Quill is a 26 Litres, 2 compartment laptop backpack perfect for daily usage. It has a dedicated tech safe laptop sleeve that can hold upto 17 inch laptop or any smaller ones easily. The laptop sleeve is also fully padded from the bottom protecting your device from any shock or damage. This backpack is especially designed for todays fast paced world, where everything should be compact and lightweight. This backpack is perfect for everyday usage such as college, school, tuitions, or short holiday trips. The front pocket is designed to keep your essentials organized and side mesh pockets are perfect for storing your water bottle and umberella. Made of high grade water resistant polyester fabric, this backpack will last you several trips.",Safari Industries
https://amzn.eu/d/02OTUaJ,Safari, ? 799 ,3.8,262,N/A,B09B29F66W,SAFARI FLASH TRAVEL COMPANY,Safari Industries
https://amzn.eu/d/7DvZNrQ,Generic, ? 699 ,0,0,N/A,B0CB1JKT7R,"Glint Laptop Backpack by Harissons is not just ergonomic but one of the most practical backpacks you would ever find. Equipped with all the necessary features for a daily commute, it also comes with Reflector Trimmings that make you visible on your bike ride back home at night.",N/A
https://amzn.eu/d/eFEl5rC,COSMUS ," ? 1,375 ",4.2,502,N/A,B078JVT384,"Designed to give ultimate comfort, this school bag from Cosmus is a Multipurpose Backpack Bag use it as school bag or regular casual backpack for daily use.  This school bag is designed with copious space and sturdy shoulder straps to help children accommodate all essentials while on the move. Key Features High on quality and durability Attractive design Spacious to accommodate all essentials Two main compartment, two front compartment Two side Mesh pockets Specifications Material PU coated Polyester Fabric. Dimensions: 13 x 18 x 8.5 [inches] (WxHxD); Weight: 755 gms Suggestive Age - 8 Years+",Cosmus
https://amzn.eu/d/9a1GlET,NIVIA , ? 269 ,4,391,N/A,B07FWQ9HRV,N/A,Freewill Sports Private Limited
https://amzn.eu/d/i2JmU4u,HAMMONDS FLYCATCHER," ? 5,255 ",4.4,107,N/A,B083M1QK32,MESSENGER BAG,Hindustan Foam
https://amzn.eu/d/12PnNap,Fur Jaden, ? 849 ,4.3,728,N/A,B07YDGQQN5,ENDURING & LONG-LASTING TRAVEL BACKPACK,Fur Jaden
https://amzn.eu/d/h0REFUi,Arctic Fox, ? 229 ,4.3,412,N/A,B08L6Q9V1H,ARCTIC FOX,Arctic Fox
https://amzn.eu/d/gvHnwwr,Martucci , ? 549 ,3.9,"1,150",N/A,B088B4P6ZW,ADDING MOMENTS OF STYLES FOR MARTUCCI,Martucci
https://amzn.eu/d/goMU3Hb,WILDHORN , ? 599 ,4,231,N/A,B09QL81ZHB,"WILDHORN appeals to fashion conscious consumers whom value both style and function. Each piece reflects a casual urban perspective and a lifestyle uniquely associated with brand. WILDHORN backpacks feature bold colors, clean lines, and high-quality materials – all of which add up to a casual, yet modern style perfect for men & women.

Make the right impression with a formal yet Classic bag. A Collection of genuine laptop baackpacks that serves as a bridge between two worlds – capable of adding an artistic edge to business wear or giving formal polish to casual attire. For one who is maneuvering between creative and corporate. Pair with the spirit of reinvention.",WildHorn
https://amzn.eu/d/bFKecSK,Lavie Sport," ? 1,049 ",4,"`1,183",N/A,B097RJ22Q3,This unisex stylish travel Bag is made of premium nylon fabric which is the most durable material. It is water and scratch resistant. It has a full lining made of polyester for additional strength and protection for your valuables.,Bagzone Lifestyle Pvt Ltd
https://amzn.eu/d/cgtcTZX,uppercase ," ? 1,200 ",4.3,11,N/A,B0B9T4YDPX,N/A,Acefour Accessories Pvt. Ltd
https://amzn.eu/d/hI863d3,KILLER ," ? 2,067 ",4.4,"3,102",N/A,B07CDD6YS2,"Stylish and Durable Spacious Laptop Backpack for Travel Killer LOUIS 15.6 inch laptop backpack is made of High grade water resistance PU coated polyester material that gives it strength and makes it durable for long-term use. It features 3 large well padded zippered compartments and One large easy access front pocket. Well padded laptop section fits upto 15.6 inch laptop, middle compartment is big enough to hold your office or weekend trip cloths or daily use belongings, front compartment with organizer section is to keep all official documents and small electronic gadgets, you can use it to store the charger, mouse, pen drive, notepad, pen and other essentials it also has one front zippered pockets for easy access items,. Killer LOUIS backpack features two mesh side pockets, where you can keep your water bottle or any other item for an quick access. Waterproof large Laptop Backpack Bag. Killer LOUIS laptop backpack is perfect laptop bag for you, its cushioned laptop pocket keep your laptop securely tight and protected while you are on the move. This laptop bag pack suits your style & is very comfortable to carry, its ergonomics and makes you forget the load you are carrying, well-padded shoulder straps ease the carrying Outer Fabric: Durable PU coated Linen Polyester Fabric. Compartments & Pockets: 3 main compartment, One front Pocket, Two side mesh pockets. Compatible laptop Size: Upto 15.6 inches. Weight: 800gm; Dimensions: 13.00x18.75x9.50 inches (WxHxD).",Ambrosia Bags
https://amzn.eu/d/5Ns5yQB,WALKENT ," ? 3,990 ",0,0,N/A,B0C7KPGC2Y,"WALKENT Waterproof Laptop Bag for Men with Side Bottle Pockets, Cushioned Straps & More P1",Walkent OEM
https://amzn.eu/d/93wsoBq,ZEBRONICS , ? 499 ,0,0,N/A,B0C6QNNPMM,N/A,Zebronics India Private Limited
https://amzn.eu/d/55f3wlV,NIVIA , ? 269 ,4,391,N/A,B07FWQ9HRV,N/A,Freewill Sports Private Limited
https://amzn.eu/d/eiTF0bT,FATMUG," ? 1,599 ",4.4,417,N/A,B084LF4RT5,FATMUG,Fatmug Designs
https://amzn.eu/d/5833ypN,Northzone, ? 415 ,4,23,N/A,B0BL3TVDK6,"NORTHZONE BACKPACK If you carry your laptop to and from work, then this laptop bag from Northzone will definitely make travelling easier. Compatibility This backpack can fit a 38.1 cm laptop comfortably. Compartments This bag has three spacious compartments to store the laptop, charger, external devices, and other accessories with ease. Pockets The two mesh pockets on either sides of this black and blue backpack allow you to store a water bottle, ID card and other knick-knacks, so you can access them easily",Northzone
https://amzn.eu/d/6xgkcmk,KBBRD, ? 512 ,4,"1,155",N/A,B09321GJXZ,N/A,Texcoco Enterprices
https://amzn.eu/d/cPNuVPq,FUR JADEN, ? 849 ,4.3,728,N/A,B07YDGQQN5,FUR JADEN ENDURING & LONG-LASTING TRAVEL BACKPACK,Fur Jaden
https://amzn.eu/d/798D22Z,Wildcraft," ? 1,374 ",4.4,308,N/A,B07FC4D9B5,N/A,Wildcraft
https://amzn.eu/d/0PExGKG,Lavie Sport," ? 1,049 ",4,"1,184",N/A,B097RJ22Q3,This unisex stylish travel Bag is made of premium nylon fabric which is the most durable material. It is water and scratch resistant. It has a full lining made of polyester for additional strength and protection for your valuables.,Bagzone Lifestyle Pvt Ltd
https://amzn.eu/d/eivuUB9,Zipline , ? 843 ,4,619,N/A,B07XVMR33Q,ZIPLINE STYLE LIKE NEVER BEFORE PERFECT TO MAKE A FASHION STATEMENT,Atulitu Agency
https://amzn.eu/d/3khNaNL,LOOKMUSTER , ? 439 ,4,6,N/A,B0BZW8KW18,"BEST LAPTOP LOOKMUSTER WITH SLIM,SLEEK AND COMPACT DESIGN YOU WILL LOVE HOW THIS BACKSPACE CAN LOOK SMALL EVEN WITH A SPACIOUS STORAGE",LOOKMUSTER
https://amzn.eu/d/ctPkOwJ,Lucky's ," ? 1,099 ",0,0,N/A,B0C9X34FS2,"Introducing Lucky's Denggao Casual Waterproof Laptop Backpack, the ultimate choice for individuals seeking a reliable, stylish, and secure bag for their laptops. This backpack is designed to provide maximum protection for your valuable devices while offering ample storage space and comfortable carrying options. With its waterproof construction and durable materials, it ensures that your laptop and other essentials stay safe and dry in any weather conditions. Safest Bag for Laptops: Lucky's Denggao Laptop Backpack is built with the utmost care and attention to detail to ensure the safety of your laptop. The dedicated laptop compartment is compatible with 39.62cm (15.6-inch) laptops, providing a snug fit and preventing any unnecessary movements during transportation. This backpack is constructed with waterproof materials, making it an ideal choice for daily commuting, outdoor adventures, or unpredictable weather conditions. The strong shell and high-quality fabric ensure the longevity of the backpack, protecting your belongings for years to come. Ample Storage Space: With a generous capacity of 35 liters, this backpack offers plenty of room to carry your essentials. The main compartment provides spacious storage for books, notebooks, folders, and other large items. Additionally, there are multiple interior pockets and organizers to keep your smaller belongings well-organized. The Denggao Laptop Backpack features padded shoulder straps and a breathable back panel, ensuring maximum comfort even during long hours of wear. The adjustable straps can be customized to fit your preferred length, while the back panel provides ventilation to prevent sweating and discomfort. Invest in Lucky's Denggao Casual Waterproof Laptop Backpack and experience the perfect blend of style, functionality, and safety for your valuable devices. Whether you're a student, a professional, or a frequent traveler, this backpack is designed to protect your laptop and provide ample storage space",N/A
https://amzn.eu/d/ig0ra4U,WALKENT ," ? 3,029 ",4.6,10,N/A,B0BJ986NTC,"When it comes to finding the perfect laptop backpack, the Walkent Duo Laptop Backapck stands out from the crowd. This innovative bag is designed to meet all of your needs, whether you're a busy professional, a student on the go, or someone who loves to travel.

One of the standout features of the Walkent Duo is its versatility. With its ability to transform into three different styles - a school bag, a hand bag, or a suitcase - you can customize your bag to meet your needs, no matter where your day takes you. Shoulder straps can be folded inside the bad and be hidden to make this bag a proper duffle bag.

In addition to its flexible design, the Walkent Duo is also incredibly durable. The bag's water-resistant and scratch-resistant outer ensures that your belongings stay safe and dry, even in challenging weather conditions. And with its cushioned laptop compartment, you can trust that your devices will be protected from bumps and scratches.

But that's not all - the Walkent Duo also features multiple compartments, including anti-theft pockets and a separate shoe compartment, making it easy to stay organized no matter what you're carrying. And with its padded shoulder straps and back, you can carry your bag comfortably, even when you're carrying a heavy load.

If you're someone who loves to stay connected, you'll appreciate the Walkent Duo's external USB and audio port, which makes it easy to charge your devices on the go. And with its trolley sleeve for travel, you can easily attach your bag to your luggage and breeze through the airport.

The Walkent Duo Laptop Backpack is the perfect choice for anyone who wants a functional and stylish laptop backpack that can keep up with their busy lifestyle. Order yours today and start experiencing the ultimate in comfort, convenience, and style.","Walkent (OEM Shenzhen Xinli Bag Co., Ltd.)"
https://amzn.eu/d/e1dKIKM,TABELITO, ? 549 ,4,246,N/A,B08Y5S6C2P,N/A,Tabelito Trade India
https://amzn.eu/d/59IfsQz,ADISA , ? 399 ,3.8,25,N/A,B0BX3QFVSM,"Light weight and spacious casual backpack with 2 compartments and 1 front easy-access pocket. The front and back of the backpack are fully padded for cushioning. It has organiser for pens, visiting cards, etc along with space for carrying papers, files, books, etc. It is spacious enough to keep all your stuff. It has provision for holding bottles/unmrella on both sides and has adjustable padded shoulder straps for your comfort. The logo of the bag is Reflective so it will glow when light hits it which is a very important safety feature, specially when on road.",ADISA
https://amzn.eu/d/c1vTiv9,Amazon Basics, ? 869 ,4.5,81,N/A,B0C8NWKRRH,N/A,?Outshiny India Pvt. Ltd.
https://amzn.eu/d/1KZ37ZK,Half Moon," ? 1,399 ",4.1,137,N/A,B08PSX1LN9,"This Rucksack backpack ensures complete safety to your 17.3 inch laptop with high quality build and a wide range of built-in features, With a Dual Side Pocket In the inside of the bag, featuring protective padding, you can rest assured that the laptop inside it will be well cushioned from any accidents caused when you bump into any surface. As it is made of nylon, can withstand abrasions and is long lasting. Chest Strap, Hip Belt, Straight Shaped Straps structure which fits on your shoulders very comfortably makes you lift heavy objects easily. A Front Pocket with an Organizer helps you store your small essentials. It also features Reflector Logo, Rain cover and Reflector patch which is highly useful for motorists, cyclists, walking at night. It also features an Earphone Cord Support which very useful for long travelers. The inner material is made of polyester. This backpack is also water-resistant",AB Amazing Bags
https://amzn.eu/d/5fIqq7t,STRABO, ? 699 ,4.4,20,N/A,B0BX9SVT1D,"Strabo Cooper is a classy Laptop Backpack, ergonomically designed for all ages, genders and purposes which houses everything in one large compartments & one exterior pocket.This backpack is especially designed for today's fast paced world,where everything should be compact and lightweight. This backpack is perfect for everyday usage such as college, school, tuitions, or short holiday trips.",STRABO BAGS AND ACCESSORIES LLP
https://amzn.eu/d/163msYK,PAZZO, ? 849 ,4,231,N/A,B07VT3F795,"Our largest daypack, the Alto 40L Pack features multiple compartments and pockets that hold a full day’s worth of gear and keeps everything organized and accessible so you can move freely. The Alto houses everything in three roomy main compartments - The main compartment can hold majority of your sizeable items like books and has a lined sleeve to organise gear. The secondary compartment can carry additional stuff like lunch and running shoes for your workout. The third compartment has an internal organization slot to organize your valuables and keys. A zip closing front pocket carries charger and electrical cords. 3D Airflow mesh on the shoulder straps and back panel prevents overheating and two side stretch pockets keep water bottles within reach. Padded handle and reinforced haul loop for easy grab",PAZZO
https://amzn.eu/d/6gyj5xW,FUR JADEN, ? 679 ,4,"1,327",N/A,B09VTDMRY7,"Stay organized all day with a durable and lightweight backpack from Fur Jaden. This back pack is a stylish and functional accessory for men and women. Can add admiration to an appealing and daring personality with a remarkable aesthetics and functionality. This backpack features an anti-theft design. You can also charge your phone on the go and organize your stuff like pro. Fur Jaden functional back pack is apt to protect your gadgets and belongings from being stolen while you travel, thanks to its special anti-theft design. Now keep your belongings safe with style. The backpack features multiple compartments that you may use for your laptop and other essentials. A remarkable feature of this backpack allows you to charge your phone while you are on the move. With an attached charging dock in the back you may connect a portable power bank with ease. Weighing about 600grams, this backpack is lightweight. The backpack is able to house a laptop of up to 15.6 inches and has seven inner compartments to place your other essentials. Made from durable quality polymer this Fur Jaden back pack is sturdy and reliable. Flaunt this bag with style and low maintenance as this bag is washable. This backpack is also suitable for school or college. The straps are designed to distribute the weight equally on each shoulder preventing any sort of discomfort. Use this back pack for office, college/school or during travels.",FUR JADEN
https://amzn.eu/d/gJszYrr,Martucci , ? 549 ,3.9,"1,150",N/A,B088B4P6ZW,"Martucci backpack is a sleek, light bag with a young-at-heart design that's perfect for school or daily travel. Made for daily use, this bag is not oversized and is meant to carry your essentials. With its trendy looks and easy-to-organize design, this bag is cute and suave as well as useful, to help you complete your look. Quietly stylish and durable, it features multiple compartments to help organize your stuff.",Martucci
https://amzn.eu/d/cgtcTZX,uppercase ," ? 1,200 ",4.3,11,N/A,B0B9T4YDPX,N/A,Acefour Accessories Pvt. Ltd
https://amzn.eu/d/05vgtwJ,EUME ," ? 2,499 ",4.4,7,N/A,B0B4JNV37M,QUICK ACCESS TO MUST-HAVES,EUME Lifetsyle Pvt Ltd
https://amzn.eu/d/a7wVsQ4,uppercase ," ? 2,400 ",4.3,25,N/A,B0BXFDK5J2,UPPERCASE,Acefour Accessories Pvt. Ltd.
https://amzn.eu/d/7bmhhcx,uppercase ," ? 1,700 ",4,59,N/A,B0B81WST7X,N/A,Acefour Accessories Pvt. Ltd.
https://amzn.eu/d/0dQPlH0,Gear , ? 479 ,4.3,180,N/A,B098FFTDKT,"The Cross Training Duffel from Gear is the optimum solution for an all-purpose duffel bag - whether its the gym, that weekend travel, the training field or the sports arena. Every Gear Bag is tested in real world conditions and crafted with user insights to achieve optimum functionality.",Gear Merchandise Pvt Ltd
https://amzn.eu/d/hJZVabV,Northzone, ? 415 ,4,24,N/A,B0BL3TVDK6,"NORTHZONE BACKPACK If you carry your laptop to and from work, then this laptop bag from Northzone will definitely make travelling easier. Compatibility This backpack can fit a 38.1 cm laptop comfortably. Compartments This bag has three spacious compartments to store the laptop, charger, external devices, and other accessories with ease. Pockets The two mesh pockets on either sides of this black and blue backpack allow you to store a water bottle, ID card and other knick-knacks, so you can access them easily.",Northzone
https://amzn.eu/d/gb9ZssD,Zipline , ? 843 ,3.7,102,N/A,B08WQ668WJ,"A super-slim design, trendy looks and durable construction - this stylish 36 L backpack from ZIPLINE has got everything that will complement your youthful personality. With its spacious interiors, this unisex backpack is a great option for short road trips, college and work. Ergonomic design Crafted from polyester, this medium backpack is sturdy enough to withstand regular wear and tear gracefully. It features a cushioned base and internal back padding to offer you extra comfort. The padded shoulder straps of this bag can be easily adjusted according to your liking. Spacious Featuring one front pocket and three main compartments, all with speciality zippers, this bag offers you enough space to carry your books, files, coins, travel accessories, stationery, keys and mobile accessories. It comes with the ZIPLINE promise of quality.Product Description",Atulitu Agency
https://amzn.eu/d/cg0dNDr,Walkent ," ? 2,809 ",4.3,30,N/A,B09Q172X7J,N/A,Walkent
https://amzn.eu/d/92LdJj5,PAZZO, ? 849 ,4,231,N/A,B07VT3F795,"Our largest daypack, the Alto 40L Pack features multiple compartments and pockets that hold a full day’s worth of gear and keeps everything organized and accessible so you can move freely. The Alto houses everything in three roomy main compartments - The main compartment can hold majority of your sizeable items like books and has a lined sleeve to organise gear. The secondary compartment can carry additional stuff like lunch and running shoes for your workout. The third compartment has an internal organization slot to organize your valuables and keys. A zip closing front pocket carries charger and electrical cords. 3D Airflow mesh on the shoulder straps and back panel prevents overheating and two side stretch pockets keep water bottles within reach. Padded handle and reinforced haul loop for easy grab",PAZZO
https://amzn.eu/d/9gQZtDE,Wildcraft," ? 1,519 ",4.4,318,N/A,B06XD713N9,3 Compartment Backpack Capacity:35L Side Fabric Pocket For Water Bottle Sleeve Seperator To Keep Things Organised Basic Organiser To Store Small Accessories And Stationery Padded Back System For Better Back Support And Enhanced Comfort And Ease Of Carrying Padded Shoulder Straps For Comfort And Ease Of Carrying Haul Loop To Easily Grab Your Pack Webbing Gear Loops On The Front Of The Backpack To Hold Accessories.,Wildcraft
https://amzn.eu/d/fHCljj4,Safari," ? 1,299 ",3.9,41,N/A,B097JJXL9K,Our high quality durable products sets our Duffel Bags apart. This travel bag is surely one of the most stylish and trendy looking duffels you can get your hands on. This bag offers a massive 40 litre of storage. This multi purpose bag comes with a front pocket which helps you to organise your stuff in a systematic way. Our product is great as a carry-on companion with extendable handle and double compartment to make travel easy and comfortable for you.,Safari
https://amzn.eu/d/67wzDNa,HEROZ," ? 1,499 ",4.3,"1,246",N/A,B07MGDFT9C,N/A,Heroz
https://amzn.eu/d/0PZRXes,KIPTACK ," ? 2,499 ",5,53,N/A,B0C16X9QM7,"Kiptack aims to boost productivity through functional and stylish laptop accessories. Through continuous feedback and innovation, we strive to make products tailored to our customers' needs.",KIPTACK
https://amzn.eu/d/4ZZmxUB,KILLER ," ? 2,067 ",4.4,"3,103",N/A,B07CDD6YS2,"Stylish and Durable Spacious Laptop Backpack for Travel Killer LOUIS 15.6 inch laptop backpack is made of High grade water resistance PU coated polyester material that gives it strength and makes it durable for long-term use. It features 3 large well padded zippered compartments and One large easy access front pocket. Well padded laptop section fits upto 15.6 inch laptop, middle compartment is big enough to hold your office or weekend trip cloths or daily use belongings, front compartment with organizer section is to keep all official documents and small electronic gadgets, you can use it to store the charger, mouse, pen drive, notepad, pen and other essentials it also has one front zippered pockets for easy access items,. Killer LOUIS backpack features two mesh side pockets, where you can keep your water bottle or any other item for an quick access. Waterproof large Laptop Backpack Bag. Killer LOUIS laptop backpack is perfect laptop bag for you, its cushioned laptop pocket keep your laptop securely tight and protected while you are on the move. This laptop bag pack suits your style & is very comfortable to carry, its ergonomics and makes you forget the load you are carrying, well-padded shoulder straps ease the carrying Outer Fabric: Durable PU coated Linen Polyester Fabric. Compartments & Pockets: 3 main compartment, One front Pocket, Two side mesh pockets. Compatible laptop Size: Upto 15.6 inches. Weight: 800gm; Dimensions: 13.00x18.75x9.50 inches (WxHxD).",Ambrosia Bags
https://amzn.eu/d/7FuRBkN,Martucci , ? 549 ,3.9,"1,150",N/A,B088B4P6ZW,"Martucci backpack is a sleek, light bag with a young-at-heart design that's perfect for school or daily travel. Made for daily use, this bag is not oversized and is meant to carry your essentials. With its trendy looks and easy-to-organize design, this bag is cute and suave as well as useful, to help you complete your look. Quietly stylish and durable, it features multiple compartments to help organize your stuff.",Martucci
https://amzn.eu/d/7oeTPje,Wesley, ? 550 ,4.3,"1,452",N/A,B085S444JV,DESGNED FOR PERFECTION WESLEY MILESTONE BACKPACK15.6 INCHES,Wesley
https://amzn.eu/d/apecekQ,URBAN TRIBE, ? 939 ,3.9,258,N/A,B01LXNNFDF,URBAN TRIBE HAVANA,Backpack International Pvt Ltd
https://amzn.eu/d/5YeXz3O,FUR JADEN, ? 679 ,4,"1,331",N/A,B09VTDMRY7,"Stay organized all day with a durable and lightweight backpack from Fur Jaden. This back pack is a stylish and functional accessory for men and women. Can add admiration to an appealing and daring personality with a remarkable aesthetics and functionality. This backpack features an anti-theft design. You can also charge your phone on the go and organize your stuff like pro. Fur Jaden functional back pack is apt to protect your gadgets and belongings from being stolen while you travel, thanks to its special anti-theft design. Now keep your belongings safe with style. The backpack features multiple compartments that you may use for your laptop and other essentials. A remarkable feature of this backpack allows you to charge your phone while you are on the move. With an attached charging dock in the back you may connect a portable power bank with ease. Weighing about 600grams, this backpack is lightweight. The backpack is able to house a laptop of up to 15.6 inches and has seven inner compartments to place your other essentials. Made from durable quality polymer this Fur Jaden back pack is sturdy and reliable. Flaunt this bag with style and low maintenance as this bag is washable. This backpack is also suitable for school or college. The straps are designed to distribute the weight equally on each shoulder preventing any sort of discomfort. Use this back pack for office, college/school or during travels.",FUR JADEN
https://amzn.eu/d/694o7bL,Safari, ? 599 ,3.8,71,N/A,B09B277CR5,N/A,Safari Industries
https://amzn.eu/d/j9ZGXCr,FUR JADEN," ? 1,329 ",4.1,275,N/A,B0BSHBH9K2,"Essence: This Fur Jaden smart laptop backpack is for Men and Women who are looking for a voguish, modernistic and branded backpack while having the option to not compromise on quality and be able to carry tons of stuff. Easy Access Pockets: A sleek anti theft pocket on the back as well as 2 pockets on the front side help keep all your belongings comfortably organised. Multi Functional: This Fur Jaden Smart Backpack for men and women comes with a USB Charging Port which offers a convenient way to ensure you never run out of battery on the go. Organizer Pockets in the front compartment help keep al your accessories organized. Padded Laptop compartment helps keep your laptop safe. Ergonomic Design: The backpack features a sleek and ergonomic design with a balanced weight distribution through its straps to reduce the load bearing on your shoulders while the padded ventilated air mesh helps reduce sweat. This makes this bagpack a suitable alternative to bulky and unsightly laptop backpacks. The compact design of this Fur Jaden smart travel bag helps you to rest it comfortably on your shoulders while accommodating all your essentials with ease.",Fur Jaden
https://amzn.eu/d/3doRrck,Genie, ? 899 ,5,1,N/A,B097JHSJTL,"Genie Lily Laptop Backpack for Women, 3 compartments, Stylish and Trendy College Bags for Girls, Water Resistant and Lightweight Bags for Office and Travelling Purpose.36 litres (19 inch) Black colour",Safari
https://amzn.eu/d/jfCaMVy,ADISA , ? 646 ,3.8,47,N/A,B0BPTV3795,"High Quality large and spacious laptop backpack with 2 compartments and 2 front easy-access pockets. One compartment is for carrying laptop inside with padding for safety and space for laptop accessories like charger, etc. Other compartment has organiser for pens, visiting cards, etc along with space for carrying papers, files, etc. It has provision for holding bottles on both sides and has padded shoulder straps for your comfort. It comes with a full sized rain cover.",ADISA
https://amzn.eu/d/3J536Uk,Carbonado ," ? 3,490 ",4.4,23,N/A,B0BJYDK3C5,N/A,Bplugd IOT Pvt Ltd
https://amzn.eu/d/7cDPvRh,uppercase ," ? 1,900 ",4.6,24,N/A,B0BR1C59R8,N/A,Acefour Accessories Pvt. Ltd
https://amzn.eu/d/54bZ9kW,EUME , ? 999 ,4.1,23,N/A,B08R58K6QX,"access essentials in jiffy it has a dual front pocket that can easily,smart design,smart usuage","?EUME, B-1 Nandkishore Industrial Estate off, Mahakali Caves Road, Andheri East, Mumbai-400093"
https://amzn.eu/d/bHPzlb4,EUME , ? 999 ,4.1,23,N/A,B08R58K6QX,"access essentials in jiffy it has a dual front pocket that can easily,smart design,smart usuage","?EUME, B-1 Nandkishore Industrial Estate off, Mahakali Caves Road, Andheri East, Mumbai-400093"
https://amzn.eu/d/du8a3Fa,AMIC ," ? 1,799 ",4.5,6,N/A,B0BZ96MSN9,"With Amic Bags’ Backpacks, the trend for colourful and vibrant accessories really got your back. Backpacks are unarguably the most important fashion essential and make for a valuable and comfortable alternative to other bags available.

The hand-crafted fabric by expert artisans is meant to last longer than you can expect. Special attention is given to making work backpacks for women more spacious, secure and suitable for all seasons and occasions. With backpacks, you can enjoy the freedom of hands while commuting and focus instead on your phone, book or coffee cup.",N/A
https://amzn.eu/d/5Pmzb4J,Genie , ? 999 ,4.5,36,N/A,B097JJFF6Z,"How do you describe a Perfect School Backpack? Spacious enough to carry all the books, yet Light Weight! Multiple Pockets to segregate all the items and keep it easily accessible. An Organizer to keep your each and every school supplies in an arranged manner. Side Pocket to keep the Water Bottle. Water Resistant exteriors to keep all your worries at bay and lastly, latest and trendy design to keep those ""Cute Bagpack"" compliment coming in! Yes. We have that Perfect Bag for you, in our Genie store. Bringing you a cute, stylish and trendy design, Genie Heartbeat School Bag.",Safari
https://amzn.eu/d/7YEfRXh,Gear, ? 979 ,4.4,282,N/A,B07G44G1DC,"Gear bags are designed for the quick commute as well for the long journey. these backpacks can be used as laptop bags,adventure bags and so on. Your favorite travel companion, The backpacks come with enough storage space to carry all your requirements.",Gear Merchandise PVT LTD
https://amzn.eu/d/as6HxFq,TABELITO, ? 549 ,4,246,N/A,B08Y5S6C2P,N/A,Tabelito Trade India
https://amzn.eu/d/jhqkkXO,Half Moon, ? 849 ,3.9,468,N/A,B0BJ32LQ6X,"This backpack is lightweight water-resistant, capacity of approx 37 Ltr, has a soft and ventilated back panel, and is perfect for carrying all your necessities. Adjustable and breathable padded shoulder strap to meet different requirements for both men and women; made from highly rip and water-resistant polyester fabric, provide strengthen and long-lasting performance; roomy enough for your traveling requirements also having a Rain cover.",Amazing Bags
https://amzn.eu/d/9JfOomX,F Gear, ? 449 ,4.4,53,N/A,B08NYGBDB8,"Miles’ by F Gear is a fanny pack which is spacious, trendy, exclusive & easy to carry. This is unmatched in terms of looks and personality. To describe it briefly here are the following points: 1. This having two small front zippered pockets suitable for many small accessories like keys, pen drive, Bluetooth etc. 2. One back pocket suitable passport/mobile etc. 3. This fanny pack has a huge main compartment suitable for wallet, small notepad, pen, sunglasses & other belongings. 4. This fanny pack comes with a Premium YKK Japanese Zippers& sliders with an adjustable waist strap. 5. This fanny pack is made of Polyester fabric and is treated to make it water-resistant. 6. Comes with The F Gear promise of quality and durability.",Uber Fashion Merchandise Pvt Ltd
https://amzn.eu/d/Iyvhe0j,RNTR, ? 489 ,4.7,27,N/A,B0C74Q2YWS,N/A,RNTR
https://amzn.eu/d/acUrWOo,KBBRD, ? 512 ,4,"1,155",N/A,B09321GJXZ,N/A,"?Texcoco Enterprices, Texcoco Enterprices, 9958166528"
https://amzn.eu/d/4XJ8yv6,RIGHT CHOICE, ? 259 ,3.5,91,N/A,B07ZVXDHCK,"A stylish bag that always looks as good as you do. Comfortable to carry without compromising on style/fashion. It is designed to be convenient, and has safe storage. Makes a standout addition to your collection",Right Choice
https://amzn.eu/d/9JmkD5H,ZEBRONICS , ? 799 ,0,0,N/A,B0C6QWBRSB,N/A,Zebronics India Private Limited
https://amzn.eu/d/cOQIUmJ,uppercse," ? 1,900 ",4.6,24,N/A,B0BR1C59R8,N/A,Acefour Accessories Pvt. Ltd
https://amzn.eu/d/0N3lIna,Dyazo, ? 799 ,4.4,159,N/A,B0BRJLWQ6R,N/A,Dyazo
https://amzn.eu/d/cfzGGcI,FUR JADEN," ? 1,329 ",4.1,276,N/A,B0BSHBC51P,"Essence: This Fur Jaden smart laptop backpack is for Men and Women who are looking for a voguish, modernistic and branded backpack while having the option to not compromise on quality and be able to carry tons of stuff. Easy Access Pockets: A sleek anti theft pocket on the back as well as 2 pockets on the front side help keep all your belongings comfortably organised. Multi Functional: This Fur Jaden Smart Backpack for men and women comes with a USB Charging Port which offers a convenient way to ensure you never run out of battery on the go. Organizer Pockets in the front compartment help keep al your accessories organized. Padded Laptop compartment helps keep your laptop safe. Ergonomic Design: The backpack features a sleek and ergonomic design with a balanced weight distribution through its straps to reduce the load bearing on your shoulders while the padded ventilated air mesh helps reduce sweat. This makes this bagpack a suitable alternative to bulky and unsightly laptop backpacks. The compact design of this Fur Jaden smart travel bag helps you to rest it comfortably on your shoulders while accommodating all your essentials with ease.",Fur Jaden
https://amzn.eu/d/dqCq4EH,Amazon Basics, ? 799 ,4.7,163,N/A,B0C3RDFPVN,"Carry your laptop conveniently with this stylish laptop messenger bag from Amazon Basics. It comes with a padded pocket suitable for a 15"" laptop, and other pockets to store small items. It is made from durable, water-resistant nylon and protects your belongings against accidental scratches, drops, shocks, and spills. The metal zippers add to its sturdiness and reliability. It comes with an adjustable shoulder strap, that may be removed to carry it as a handbag. It attaches easily to trolleys or luggage handles, making it the perfect on-the-go laptop case.","?IRIS TECH, IRIS TECH,G-1/G-2, Dharam complex, Phase-1, Opp.Sapna Bar, Anjur Mankoli Road, Bhiwandi-421302"
https://amzn.eu/d/iLswyh7,F Gear," ? 1,430 ",4.3,175,N/A,B07XMRGQCM,"The product will be an excellent pick for you. It ensures an easy maintenance.

",Uber Fashion Merchandise Pvt. Ltd
https://amzn.eu/d/7iiCzpW,Lenovo , ? 979 ,4.3,504,N/A,B075Y8294N,N/A,"Lenovo, Ferns Icon, Level, 2, Outer Ring Rd, Doddanekundi, Mahadevapura, Bengaluru, Karnataka 560159"
https://amzn.eu/d/3AdRUgh,ADISA , ? 699 ,3.8,47,N/A,B0BPVLXD53,ADISA LARGE LATOP BACKPACK WITH RAIN COVER,ADISA
https://amzn.eu/d/19P8HWV,FUR JADEN, ? 949 ,4.3,189,N/A,B094DGX84G,laptop bag for regular use,FUR JADEN
https://amzn.eu/d/ifFaC91,FATMUG," ? 1,099 ",4.2,181,N/A,B07YFNXC3H,FATMUG FOLDABLE DUFFEL,Stoned Walls
https://amzn.eu/d/icOM7yY,uppercase ," ? 2,300 ",4.3,26,N/A,B0BSH4H4DB,Standout in sustainable fashion with uppercase—India’s 1st GRS-certified bags brand. We are an environmentally sensitive brand of Travel Gear for the young with a taste for things that don’t just help them look or feel good but also do good. And it's ready to get working and go places with you,Acefour Accessories Pvt. Ltd
https://amzn.eu/d/5OA5ufy,uppercase ," ? 1,800 ",4.3,22,N/A,B0BR1D4SL1,N/A,Acefour Accessories Pvt. Ltd
https://amzn.eu/d/cdmWm7x,EUME ," ? 1,199 ",4.2,52,N/A,B08R563J3T,"access essentials in jiffy it has a dual front pocket that can easily,smart design,smart usuage",Avon Lifestyle Pvt Ltd
https://amzn.eu/d/3a0CQr5,EUME , ? 999 ,4.1,23,N/A,B08R58K6QX,"access essentials in jiffy it has a dual front pocket that can easily,smart design,smart usuage","?EUME, B-1 Nandkishore Industrial Estate off, Mahakali Caves Road, Andheri East, Mumbai-400093, EUME Lifetsyle Pvt Ltd, Customer Care Email : customercare@eumeworld.com, Customer Care Contact : 9321366003"
https://amzn.eu/d/i0eBhGr,ZOUK," ? 1,689 ",4.2,10,N/A,B09DF2NPCS,"This is a Proudly Indian and 100% PeTA approved Vegan product from Zouk. It has a stylish print inspired by India's rich heritage. It has sturdy and durable accessories, with a zip closure and double straps (non-adjustable). The bag contains a single main compartment. This compartment has an inner padded laptop compartment that can fit up to a 15.6 inch laptop. The compartment also has an inbuilt phone, keychain and pen slot.",Sea Turtle Pvt Ltd
https://amzn.eu/d/7pYNXZu,ADISA , ? 646 ,3.8,47,N/A,B0BPTV3795,"High Quality large and spacious laptop backpack with 2 compartments and 2 front easy-access pockets. One compartment is for carrying laptop inside with padding for safety and space for laptop accessories like charger, etc. Other compartment has organiser for pens, visiting cards, etc along with space for carrying papers, files, etc. It has provision for holding bottles on both sides and has padded shoulder straps for your comfort. It comes with a full sized rain cover.",ADISA
https://amzn.eu/d/ewANBo5,Amazon Basics, ? 449 ,4.7,163,N/A,B0C3RC1ZG2,"Carry your daily essentials comfortably with this stylish sling bag from Amazon Basics. It contains one main compartment and three zippered pockets to safely store your belongings. It is made from premium, durable, water-resistant nylon, and comes with an adjustable strap and a strong, anti-scratch buckle. This sturdy, lightweight sling bag fits easily into a suitcase or luggage bag, making it the perfect travel accessory and a great gift for your loved ones.","?IRIS TECH, IRIS TECH,G-1/G-2, Dharam complex, Phase-1, Opp.Sapna Bar, Anjur Mankoli Road, Bhiwandi-421302"
https://amzn.eu/d/gGwmdhJ,Genie," ? 1,149 ",4,22,N/A,B07QFF2RZR,N/A,Safari Industries (India) Ltd
https://amzn.eu/d/2ThqW0C,Lunar's , ? 899 ,3.9,"1,049",N/A,B08YZ5XY31,LUNARS BINGO YOUR  CARRY PARTNER,"Akshaya Rubbers, Hebbal Industrial Area, Mysore"
https://amzn.eu/d/0fQuVMH,PAZZO, ? 849 ,4,231,N/A,B07VT3F795,"Our largest daypack, the Alto 40L Pack features multiple compartments and pockets that hold a full day’s worth of gear and keeps everything organized and accessible so you can move freely. The Alto houses everything in three roomy main compartments - The main compartment can hold majority of your sizeable items like books and has a lined sleeve to organise gear. The secondary compartment can carry additional stuff like lunch and running shoes for your workout. The third compartment has an internal organization slot to organize your valuables and keys. A zip closing front pocket carries charger and electrical cords. 3D Airflow mesh on the shoulder straps and back panel prevents overheating and two side stretch pockets keep water bottles within reach. Padded handle and reinforced haul loop for easy grab",PAZZO
https://amzn.eu/d/aajahrr,NORTH ZONE, ? 486 ,4.5,0,N/A,B0BW95MXRJ,"A sporty versatile Backpack from Northzone. It has a top opening compartment for quick & easy access to essentials while the mesh padding on the back panel will feel comfortable, even on a hot day. This backpack can be carried in 2 ways as it has an additional front handle to hold it in case you’re unable to carry it on your back.",N/A
https://amzn.eu/d/aajahrr,NORTH ZONE, ? 486 ,4.5,0,N/A,B0BW95MXRJ,"A sporty versatile Backpack from Northzone. It has a top opening compartment for quick & easy access to essentials while the mesh padding on the back panel will feel comfortable, even on a hot day. This backpack can be carried in 2 ways as it has an additional front handle to hold it in case you’re unable to carry it on your back.",N/A
https://amzn.eu/d/giU2F9O,THE CLOWNFISH," ? 1,299 ",4.1,348,N/A,B07PHSQ1SJ,"The Clownfish is an enhanced brand that endorses high efficient designed bags that are known for Endurance, Durability, and Elegance. It has an exclusive top-rated collection of bags that complement every mood of our customers, ranging from Briefcases, messenger bags, Backpacks, Duffels, Slings, Wallets & more.

The Clownfish understands the needs of the modern consumer and on that basis, it designs its product in adherence to Style, Color, Mood as well as Quality. Presently, The Clownfish has 500 plus products in its house, designed efficiently from Leather, leatherette, polyester, canvas, nylon, etc thus offering a wide number of choices to the customers. We at The Clownfish prioritize our customers and deliver the best service we can and ensure maximum satisfaction",The Clownfish
https://amzn.eu/d/21sCFEv,Chris & Kate, ? 899 ,5,0,N/A,B0CC9DS5HX,"This Chris & Kate Trendy Polyester School bag is a versatile and functional accessory suitable for school, college and everyday use. Made from durable materials, it features three spacious main compartments that can accommodate books, a laptop, or other essentials. With multiple pockets, it offers convenient storage for smaller items like keys, wallets, and smartphones. Chris & Kate Backpack is designed with comfort in mind. They typically feature padded shoulder straps and back panels to distribute the weight evenly across your back, reducing strain on your shoulders and spine. This backpack also has two mesh pockets for umbrella and bottle on the side to keep you hydrated on the go!", ? Chris & Kate
https://amzn.eu/d/8rcRhAe,Genie, ? 899 ,5,1,N/A,B097JHSJTL,"Genie Lily Laptop Backpack for Women, 3 compartments, Stylish and Trendy College Bags for Girls, Water Resistant and Lightweight Bags for Office and Travelling Purpose.36 litres (19 inch) Black colour",Safari
https://amzn.eu/d/dksrlTr,wildcraft," ? 1,374 ",4.4,308,N/A,B07FC4D9B5,"Fits upto 15 inch. Side mesh pocket for water bottle. Padded back system for carrying comfort. Webbing haul loop. Internal organizer. Material Specifications: 420D Poly Ripstop coated, 210D Nylon Poly Melange, 420D TM Poly Dobby.",Wildcraft
https://amzn.eu/d/9rsvSrS,Half Moon, ? 649 ,3.6,26,N/A,B0C1NZLF67,SCHOOL BAG AND USED FOR LAPTOP BAG ALSO,Half_Moon
https://amzn.eu/d/06VyIXO,Tommy Hilfiger," ? 1,649 ",4.1,21,N/A,B07N99SXB1,N/A,Brand Concepts Ltd
https://amzn.eu/d/9ugHwa5,Sprqcart, ? 474 ,4.5,11,N/A,B0C3RBGHCN,LARGE CAPACITY CONVENIENT STORAGE BAG,It's Apna
https://amzn.eu/d/ij3DVjG,DZert, ? 249 ,3.8,"1,271",N/A,B07BNS3KNX,DZert Provide Premium quality bags which are non-toxic and made up of soft velvet because our priority is to provide best and high-quality bags/ backpack to your kids,Dzert
https://amzn.eu/d/hd6mc10,Half Moon, ? 699 ,3.9,143,N/A,B09GG53CSL,"Half Moon backpack is designed to be used everywhere you can use it as:- college bag(as it has numerous pockets inside), school bag(there is very large space inside the bag that can be used to carry numerous books), travel backpack(the volume of this backpack is 35 litres and that is enough for travelling), laptop bag(as it contains a laptop sleeve). It is navy in colour so that it will not become dirty easily it has padded straps to make it easy to carry. It is fully waterproof to protect your laptop, books etc from water and rain. The material used in this bag is dust-free so, that it can produce your backpack from dust. It has a rain cover which is very useful in the rainy season to protect your backpack from rain. It can be used everywhere as well as by everyone be it men? , women? , boys and girls",Half_Moon (AB Amazing Bags)
https://amzn.eu/d/itjNrg5,Martucci , ? 809 ,3.7,52,N/A,B0BRJRVH6D,N/A,Martucci
https://amzn.eu/d/asOt1XJ,Generic, ? 499 ,0,0,N/A,B0CBBHGKYH,"High Quality large and spacious laptop backpack with 2 compartments and 2 front easy-access pockets. One compartment is for carrying laptop inside with padding for safety and space for laptop accessories like charger, etc. Other compartment has organiser for pens, visiting cards, etc along with space for carrying papers, files, etc. It has provision for holding bottles on both sides and has padded shoulder straps for your comfort. It comes with a full sized rain cover.. Durable Its high-quality fabric and seam strength ensure that this backpack lasts long, even if you use it all day, everyday. Lightweight Eco-friendly Fabric Designed with an eco-friendly, virgin polyester fabric, this bag is lightweight and easy to carry. Water- and Stain-resistant Take this backpack with you everywhere you go, to office or to a trek, without worrying about damage as it’s stain-resistant and fluid-resistant.",N/A
https://amzn.eu/d/7ScA0bs,uppercase ," ? 1,000 ",4.2,48,N/A,B0B691HSL3,"If you feel all backpacks are just the same old boring black and grey bags, read on. Especially if you are stylish and are looking for one that will complement your style. This handcrafted uppercase RollTop Laptop Backpack is the perfect stylish, sleek, and sturdy yet lightweight laptop backpack. It is large enough to hold a 15"" laptop and leave you more than enough space to pack your other essentials. It is visually striking with a classic European design. Whether you are a college student or a working professional, this is the ideal everyday backpack. Designed with care - Spacious compartment that can carry 3+ A4-sized books or a set of clothes, and all your essential chargers and electronics. - Internal organiser to store your power bank and cables. - Front access pocket to easily carry important small items. - Bottle holder on the side. - Convenient trolley sleeve on the back allows it to be securely placed on a trolley for longer journeys. - Superior material quality - Premium Nylon-sheen fabric gives the backpack a smooth and glossy feel that is a joy to touch. - Air mesh on the back optimises breathability and regulates temperature while you wear the backpack. Designed for good - A promise of sustainable and ethical production uppercase is committed to partnering with you in building a world more beautiful. All our products are made from sustainable materials and are GRS (Global Recycle Standard) certified. Our manufacturing processes conform to the highest and most stringent GRS criteria. We ensure fixed working hours, minimum wages, and no child labour. We maintain strict standards in factory safety, energy management, and waste disposal management. We do not use any restricted or harmful chemicals. Every Roll Top Laptop Backpack bought helps reduce 9 1-litre plastic bottles from the planet, helps conserve 117ml of crude oil, and prevents 584g of CO? emission. * *Approximate calculations based on information available on www.textilevaluechain.in",Acefour Accessories Pvt. Ltd
https://amzn.eu/d/aDM92lN,POLICE ," ? 1,399 ",4.1,"1,087",N/A,B09CQ5T3LN,Backpack,N/A
https://amzn.eu/d/D3a6vks,FUR JADAN, ? 679 ,4,"1,334",N/A,B09VTDMRY7,"Stay organized all day with a durable and lightweight backpack from Fur Jaden. This back pack is a stylish and functional accessory for men and women. Can add admiration to an appealing and daring personality with a remarkable aesthetics and functionality. This backpack features an anti-theft design. You can also charge your phone on the go and organize your stuff like pro. Fur Jaden functional back pack is apt to protect your gadgets and belongings from being stolen while you travel, thanks to its special anti-theft design. Now keep your belongings safe with style. The backpack features multiple compartments that you may use for your laptop and other essentials. A remarkable feature of this backpack allows you to charge your phone while you are on the move. With an attached charging dock in the back you may connect a portable power bank with ease. Weighing about 600grams, this backpack is lightweight. The backpack is able to house a laptop of up to 15.6 inches and has seven inner compartments to place your other essentials. Made from durable quality polymer this Fur Jaden back pack is sturdy and reliable. Flaunt this bag with style and low maintenance as this bag is washable. This backpack is also suitable for school or college. The straps are designed to distribute the weight equally on each shoulder preventing any sort of discomfort. Use this back pack for office, college/school or during travels.",FUR JADEN
https://amzn.eu/d/0MCiZui,Sprqcart, ? 474 ,4.5,11,N/A,B0C3RBGHCN,LARGE CAPACITY CONVENIENT STORAGE BAG,It's Apna
https://amzn.eu/d/0I1dVMA,DZert, ? 249 ,3.8,"1,271",N/A,B07BNS3KNX,DZert Provide Premium quality bags which are non-toxic and made up of soft velvet because our priority is to provide best and high-quality bags/ backpack to your kids,Dzert
https://amzn.eu/d/iiK3nyD,Half Moon, ? 699 ,3.9,143,N/A,B09GG53CSL,"Half Moon backpack is designed to be used everywhere you can use it as:- college bag(as it has numerous pockets inside), school bag(there is very large space inside the bag that can be used to carry numerous books), travel backpack(the volume of this backpack is 35 litres and that is enough for travelling), laptop bag(as it contains a laptop sleeve). It is navy in colour so that it will not become dirty easily it has padded straps to make it easy to carry. It is fully waterproof to protect your laptop, books etc from water and rain. The material used in this bag is dust-free so, that it can produce your backpack from dust. It has a rain cover which is very useful in the rainy season to protect your backpack from rain. It can be used everywhere as well as by everyone be it men? , women? , boys and girls",Half_Moon (AB Amazing Bags)
https://amzn.eu/d/hOHMboy,Martucci , ? 809 ,3.7,52,N/A,B0BRJRVH6D,N/A,Martucci
https://amzn.eu/d/5SEybIR,URBAN TRIBE, ? 939 ,3.9,258,N/A,B01LXNNFDF,URBANTRIBE,Backpack International Pvt Ltd
https://amzn.eu/d/9ngr4cr,TRUE HUMAN, ? 649 ,3.8,3,N/A,B0C6HZDWRQ,EMPEROR,N/A
https://amzn.eu/d/i8ixAIK,MuscleBlaze, ? 449 ,5,4,N/A,B0C8BBNB8B,"MuscleBlaze Gym Duffle Bag - Great for Life On The Go! With the ever-challenging life and schedule, it is hard to fit exercise into the routine. Carry your compact and handy MuscleBlaze Gym duffle bag everywhere with no fuss to save time. This 30-litre capacity gym bag is great for your life on the go. It also works well as a yoga bag, weekender bag, sports bag, and overnight bag. This 30-litre MuscleBlaze Gym Duffle Bag has a breathable side net pocket that is great for keeping your gym shaker, water bottle, mask, or sweaty gym clothes. It also has a secure outside pocket that has a sturdy and reliable zipper to keep your valuables like wallet, mobile, etc. safe as well as be easily accessible for you. This duffle bag for travel has a secure and sturdy main zipper which provides easy access to the main compartment that is spacious enough for sports equipment, gear, clothes, and shoes. It is made of high-quality fabric that is not only tough and lightweight but also water-resistant.",Bright Lifecare Pvt. Ltd
https://amzn.eu/d/89fxkkp,Gear, N/A ,4.4,172,N/A,B097KDRZ67,"Gear bags are designed for the quick commute as well for the long journey. These backpacks can be used as laptop bags, adventure bags and so on. Your favorite travel companion, the backpacks come with enough storage space to carry all your requirements",Gear
https://amzn.eu/d/aFIc7fg,Impluse," ? 1,529 ",5,3,N/A,B0C1H2PRCF,"Impulse Backpack are made to give you comfort and durability, It is light in weight one backpack for all your needs",N/A
https://amzn.eu/d/bDpcTF2,Impluse," ? 1,439 ",4,1,N/A,B0C3MM9MPK,"Impulse Backpack are made to give you comfort and durability, It is light in weight one backpack for all your needs",N/A
https://amzn.eu/d/gb3GVww,CAPRIFF, ? 699 ,3.8,369,N/A,B09V5HRYR7,"Teal in color so that it does not catch dust easily || A SECRET POCKET at bottom || Designed For Comfort- back padded and padded strap for more comfort || made from heavy quality nylon and polyester || best quality zip and chain used || It is fully waterproof to protect your books laptop from rain || best quality material used to design its inside structure || a fully paddded laptop sleeve that fit to all sizes and companies of laptop like HP , Dell , Asus , Lenovo , mi etc",Capriff
https://amzn.eu/d/cmxuEjI,CAPRIFF, ? 539 ,3.8,369,N/A,B084T7X2HX,"Teal in color so that it does not catch dust easily || A SECRET POCKET at bottom || Designed For Comfort- back padded and padded strap for more comfort || made from heavy quality nylon and polyester || best quality zip and chain used || It is fully waterproof to protect your books laptop from rain || best quality material used to design its inside structure || a fully paddded laptop sleeve that fit to all sizes and companies of laptop like HP , Dell , Asus , Lenovo , mi etc",N/A
https://amzn.eu/d/7iPRKRW,Gear, ? 979 ,4.4,349,N/A,B07G4CYC74,"Gear bags are designed for the quick commute as well for the long journey. these backpacks can be used as laptop bags,adventure bags and so on. Your favorite travel companion, The backpacks come with enough storage space to carry all your requirements.",Gear Merchandise PVT LTD
https://amzn.eu/d/9EhowKH,Meek, ? 999 ,5,2,N/A,B0C7WKWTZJ,"Meek Backpacks feature modern designs that can be as bold or as understated as you want to make them The cases are constructed from durable, high-quality materials designed to provide the utmost protection for a broad range of notebook form factors.
This classic unisex backpack is is compatible 17 inch laptop along with Laptop Charger, Official Notebooks, Pen, Hard Drive, Powerbank, Lunch Box, Water Bottle etc.
It is very convenient to carry and lightweight with padded shoulderr strap which gives you all day long relax and proper coushning to your shoulder while you carry it.",Bansal Traders Delhi
https://amzn.eu/d/at4zy2B,Half Moon, ? 599 ,3.7,50,N/A,B0C6N3MYL2,SCHOOL BAGS AND COLLEGE BAGPACK FOR MEN AND COLLEGE BACK PACK FOR WOMENS,Half_Moon
https://amzn.eu/d/7uI2HW4,Zipline , ? 843 ,3.6,21,N/A,B09XN3YD4Q,"A super-slim design, trendy looks and durable construction - this stylish 36 L backpack from ZIPLINE has got everything that will complement your youthful personality. With its spacious interiors, this unisex backpack is a great option for short road trips, college and work. Ergonomic design Crafted from polyester, this backpack is sturdy enough to withstand regular wear and tear gracefully. It features a cushioned base and internal back padding to offer you extra comfort. The padded shoulder straps of this bag can be easily adjusted according to your liking. Spacious Featuring three main compartments, all with speciality zippers, this bag offers you enough space to carry your books, files, coins, travel accessories, stationery, keys and mobile accessories. It comes with the ZIPLINE promise of quality",Atulitu Agency
https://amzn.eu/d/fziXNql,NORTH ZONE, ? 598 ,3.9,99,N/A,B0BL3S5NC1,"If you carry your laptop to and from work, then this laptop bag from Northzone will definitely make travelling easier. Compatibility This backpack can fit a 38.1 cm laptop comfortably. Compartments This bag has three spacious compartments to store the laptop, charger, external devices, and other accessories with ease. Pockets The two mesh pockets on either sides of this black and blue backpack allow you to store a water bottle, ID card and other knick-knacks, so you can access them easily.",Northzone
https://amzn.eu/d/7FtzD42,Impluse, ? 999 ,3.9,57,N/A,B09TDL9FJ8,"Impulse Backpack are made to give you comfort and durability, It is light in weight one backpack for all your needs",N/A
https://amzn.eu/d/bsFp2JO,EUME ," ? 2,499 ",4.4,7,N/A,B0B4JNV37M,QUICK ACCESS TO MUST-HAVES,EUME Lifetsyle Pvt Ltd
https://amzn.eu/d/4gJJIuI,WALKENT ," ? 4,990 ",0,0,N/A,B0C7KP65DP,"Introducing the WALKENT ELRPINE Laptop Backpack, a perfect combination of style and functionality. This premium laptop bag is designed to meet the needs of modern professionals and college students alike. With a capacity of 28 liters, it provides ample space to store your laptop and other essentials.

Here are some key features that make the Walkent Elrpine stand out:
Bold and Stylish Design: The front of the bag features a bold and stylish design that is sure to turn heads and make a statement.
Waterproof and Scratch Resistant Material:The outer material of the bag is made of waterproof and scratch-resistant polyester, ensuring the safety of your laptop and other essentials in all weather conditions.
Cushioned Shoulder Straps: The cushioned shoulder straps provide maximum comfort, even when carrying the bag for extended periods.
Front Utility Pockets: Keep your accessories organized and within easy reach with the front utility pockets.
Front Chest Straps: The front chest straps ensure easy load distribution, reducing the strain on your back and shoulders.
Hidden Waterproof Zipper: The hidden waterproof zipper adds an extra layer of protection to your belongings.
Stylish and Fashionable: The Walkent Elrpine laptop backpack is not only functional, but also stylish and fashionable, making it the perfect choice for office and college use by men.

Don't settle for just any laptop bag. Choose the best with the Walkent Elrpine, the premium laptop backpack that combines style and functionality to meet all your needs.",Walkent OEM
https://amzn.eu/d/bZ9SrtP,POLICE ," ? 1,399 ",4.1,"1,087",N/A,B09CQ5T3LN,Backpack,N/A
https://amzn.eu/d/1W9kIMZ,Safari," ? 3,499 ",5,1,N/A,B097JLZBK3,"For the new age professional, the Safari Sage is the answer to all backpacking needs. The dedicated laptop and tablet sleeves and the Multi Utility Organiser ensures that there is a place for all your essentials. The water resistant and highly durable premium fabric ensures that all your belongings are safe, irrespective of the conditions. The Smart Sleeve allows you to slide your backpack on your luggage for a seamless travel experience. The USB Charging Port keeps you connected always. Its handy Sunglasses Pouch makes sure you never miss a chance to impress!",Safari
https://amzn.eu/d/3UCPAID,Half Moon, ? 599 ,3.7,50,N/A,B0C6N3MYL2,SCHOOL BAGS AND COLLEGE BAGPACK FOR MEN AND COLLEGE BACK PACK FOR WOMENS,Half_Moon
https://amzn.eu/d/i8zuaBo,Lavie, ? 999 ,4.2,736,N/A,B07MXNWTB2,This trendy Red tote from Lavie is an absolute necessity. It has a woven pattern for a twigged Indian appeal. Fuse it with your favourite denims and heels.,Bagzone Lifestyle Pvt Ltd
https://amzn.eu/d/bCYk4y8,NORTH ZONE, ? 598 ,3.9,99,N/A,B0BL3S5NC1,"If you carry your laptop to and from work, then this laptop bag from Northzone will definitely make travelling easier. Compatibility This backpack can fit a 38.1 cm laptop comfortably. Compartments This bag has three spacious compartments to store the laptop, charger, external devices, and other accessories with ease. Pockets The two mesh pockets on either sides of this black and blue backpack allow you to store a water bottle, ID card and other knick-knacks, so you can access them easily.",Northzone
https://amzn.eu/d/fO7GvXW,Wildcraft," ? 1,298 ",4.2,36,N/A,B079DDV3JD,"Two compartment for better organisation, side fabric pocket for carrying a bottle, padded back system for better back support, padded shoulder straps for comfort, ease of carrying, quick-grab haul loop, quick-access, flat front pocket to store basic essentials, multi-level organiser for storing accessories.",Wildcraft
https://amzn.eu/d/bXuuH6q,Sfane , ? 359 ,4.2,201,N/A,B07GCR84D9,"Sfane Sports Bag practical everyday sizing make it great for hauling just about anything. Big Compartment holds Sports Clothing, Gloves, Shaker, Sports ball, Sports Accessories, etc. Or anything that might be wet or soiled. High quality provide years of dependable service. Made in India.",Sfane
https://amzn.eu/d/hyQftnI,ADISA , ? 499 ,4,"1,576",N/A,B07G3CG9FC,"Holding your bag on shoulder rather on hands convenient, to commute to your daily routine. Whether you are riding a two-wheeler, travelling by buses or catching trains to reach your destination, backpacks are the most suitable choice. Not restricted to laptops, backpacks are becoming common for colleges, schools and gyms.","ADISA, ADISA INTERNATIONAL, 42/34, Upper Ground Floor, DLF Industrial Area, Kirti Nagar, New Delhi 110015, careadisa@gmail.com"
https://amzn.eu/d/449YBQh,Trajectory," ? 1,399 ",4.1,148,N/A,B09RK6NCGC,N/A,Trajectory Marketing LLP
https://amzn.eu/d/ecR0DFl,Yours Choice," ? 2,499 ",4.2,26,N/A,B0B6PF1L69,DELL PRO BRIEFCASE 15 PORTABLE ENOUGH TO BRING WITH YOU ANYWHERE,Dell Computers
https://amzn.eu/d/6D2oSBF,EUME ," ? 2,499 ",4.4,7,N/A,B0B4JNV37M,QUICK ACCESS TO MUST-HAVES,EUME Lifetsyle Pvt Ltd
https://amzn.eu/d/aNgKjUS,Walkent ," ? 4,990 ",0,0,N/A,B0C7KP65DP,"Introducing the WALKENT ELRPINE Laptop Backpack, a perfect combination of style and functionality. This premium laptop bag is designed to meet the needs of modern professionals and college students alike. With a capacity of 28 liters, it provides ample space to store your laptop and other essentials.

Here are some key features that make the Walkent Elrpine stand out:
Bold and Stylish Design: The front of the bag features a bold and stylish design that is sure to turn heads and make a statement.
Waterproof and Scratch Resistant Material:The outer material of the bag is made of waterproof and scratch-resistant polyester, ensuring the safety of your laptop and other essentials in all weather conditions.
Cushioned Shoulder Straps: The cushioned shoulder straps provide maximum comfort, even when carrying the bag for extended periods.
Front Utility Pockets: Keep your accessories organized and within easy reach with the front utility pockets.
Front Chest Straps: The front chest straps ensure easy load distribution, reducing the strain on your back and shoulders.
Hidden Waterproof Zipper: The hidden waterproof zipper adds an extra layer of protection to your belongings.
Stylish and Fashionable: The Walkent Elrpine laptop backpack is not only functional, but also stylish and fashionable, making it the perfect choice for office and college use by men.

Don't settle for just any laptop bag. Choose the best with the Walkent Elrpine, the premium laptop backpack that combines style and functionality to meet all your needs.",Walkent OEM
https://amzn.eu/d/4muwS8M,LOOKMUSTER , ? 499 ,3.8,7,N/A,B0BS6YGKMC,"The Killer Louis backpack is a sleek, light bag with a young-at-heart design that's perfect for school or daily travel. Made for daily use, this bag is not oversized and is meant to carry your essentials. With its trendy looks and easy to organize design, this bag is cute and suave as well as useful, to help you complete your look. Quietly stylish and durable, it features multiple compartments to help organize your stuff.",Lookmuster
https://amzn.eu/d/dxxzzVD,COSMUS ," ? 1,375 ",4.2,503,N/A,B078JVT384,"Designed to give ultimate comfort, this school bag from Cosmus is a Multipurpose Backpack Bag use it as school bag or regular casual backpack for daily use.  This school bag is designed with copious space and sturdy shoulder straps to help children accommodate all essentials while on the move. Key Features High on quality and durability Attractive design Spacious to accommodate all essentials Two main compartment, two front compartment Two side Mesh pockets Specifications Material PU coated Polyester Fabric. Dimensions: 13 x 18 x 8.5 [inches] (WxHxD); Weight: 755 gms Suggestive Age - 8 Years+",Cosmus
https://amzn.eu/d/6ANPhiE,DIVULGE , ? 155 ,4,172,N/A,B07PXTDBH4,"Divulge drawstring backpack is a 16 Litres - sports & multi utility backpack made out of high-performance coated polyester fabric which makes the backpack sturdy, durable and highly water resistant.The gussets on the either sides of the backpack expands and provides a roomy space when filled with stuff. Provided with stretchable Strings for Main Closure, makes it easy and quick to store the things. As its a collapsible bag you can fold it into a small size and keep it in a pocket. This backpack is perfect pick for all purposes, be it for your day trips, tuition classes, Gyming, yoga, Swimming, cycling and other sport sessions.",DIVULGE
https://amzn.eu/d/4hc8V1u,Martucci , ? 746 ,4,300,N/A,B0B7DT6HY3,"Martucci Spacy backpack is designed to be used everywhere you can use it as a college bag(as it has numerous pockets inside), a school bag(there is a very large space inside the bag that can be used to carry numerous books), travel backpack(the volume of this backpack is 35 liters and that is enough for traveling), laptop bag(as it contains a laptop sleeve). It is Black in color so that it will not become dirty easily it has padded straps to make it easy to carry. It is fully waterproof to protect your laptop, books, etc from water and rain. The material used in this bag is dust-free so, It has a Rain cover which is very useful in the rainy season to protect your backpack from rain. It can be used everywhere as well as by everyone be it men, women, boys, or girls.",Martucci
https://amzn.eu/d/dszxBwH,Genie, ? 899 ,0,0,N/A,B0C85YB2S3,"How do you describe a Perfect Backpack? Spacious enough to carry a lot of stuff, yet Light Weight! Padded Laptop Sleeve to keep it secure and sound. Multiple Pockets to segregate all the items and keep it easily accessible. An Organizer to keep your each and every school supplies in an arranged manner. Side Pocket to keep the Water Bottle. Water Resistant exteriors to keep all your worries at bay and lastly, latest and trendy design to keep those ""Cute Bagpack"" compliment coming in! Yes. We have that Perfect Bag for you, in our Genie store. Bringing you a cute, stylish and trendy design, Genie Royale School Bag.",Safari
https://amzn.eu/d/328vgE7,Amazon Basics, ? 869 ,4.5,81,N/A,B0C8NWKRRH,N/A,?Outshiny India Pvt. Ltd.
https://amzn.eu/d/3E0IOz1,Veneer, ? 998 ,4.2,102,N/A,B09BMG8R6Y,"Veneer presenting new latest stylish design Polyurethane backpack bags. This bag is designed for modern fashion-conscious individuals who desire style along with functionality. This bag is crafted using unique PU fabric which is kind of an artificial leather to make it look elegant for both office and casual use. A perfect pick for daily use, this Polyester Trending Backpack can securely be used to carry mobile phone, cards, cosmetics, umbrella and other daily essential things in a safe, secure and arranged manner. This bag is also perfect for college purpose. Bag Compartments: This stylish backpack contain 1 large main zippered compartment that contain many items of daily uses, you can also use it anywhere for casual uses. This bag is simple yet quite attractive. The beautiful blue colour is eye-catchingly and can help you flaunt your distinguished nature. This bag may look small but it can offer adequate space where you can store your essentials. The easy-to-adjust shoulder straps enables extra comfort and convenience. As for its craftsmanship, it is well-crafted and comes with neat stitching. The bag is suitable for your daily wear, day trips, casual events and outings and you can carry it according to your requirement. Easy to clean dust with soft dry cloth.",THE HUTCH ENTERPRISES
https://amzn.eu/d/cwRVPSh,Elegant, ? 799 ,5,3,N/A,B0C4GVK22X,N/A,N/A
https://amzn.eu/d/8seiz5T,COSMUS ," ? 1,375 ",4.2,503,N/A,B078JVT384,"Designed to give ultimate comfort, this school bag from Cosmus is a Multipurpose Backpack Bag use it as school bag or regular casual backpack for daily use.  This school bag is designed with copious space and sturdy shoulder straps to help children accommodate all essentials while on the move. Key Features High on quality and durability Attractive design Spacious to accommodate all essentials Two main compartment, two front compartment Two side Mesh pockets Specifications Material PU coated Polyester Fabric. Dimensions: 13 x 18 x 8.5 [inches] (WxHxD); Weight: 755 gms Suggestive Age - 8 Years+",Cosmus
https://amzn.eu/d/bZ9SrtP,POLICE ," ? 1,399 ",4.1,"1,087",N/A,B09CQ5T3LN,Backpack,N/A
https://amzn.eu/d/iUdJSqb,FUR JADAN, ? 679 ,4,"1,334",N/A,B09VTDMRY7,"Stay organized all day with a durable and lightweight backpack from Fur Jaden. This back pack is a stylish and functional accessory for men and women. Can add admiration to an appealing and daring personality with a remarkable aesthetics and functionality. This backpack features an anti-theft design. You can also charge your phone on the go and organize your stuff like pro. Fur Jaden functional back pack is apt to protect your gadgets and belongings from being stolen while you travel, thanks to its special anti-theft design. Now keep your belongings safe with style. The backpack features multiple compartments that you may use for your laptop and other essentials. A remarkable feature of this backpack allows you to charge your phone while you are on the move. With an attached charging dock in the back you may connect a portable power bank with ease. Weighing about 600grams, this backpack is lightweight. The backpack is able to house a laptop of up to 15.6 inches and has seven inner compartments to place your other essentials. Made from durable quality polymer this Fur Jaden back pack is sturdy and reliable. Flaunt this bag with style and low maintenance as this bag is washable. This backpack is also suitable for school or college. The straps are designed to distribute the weight equally on each shoulder preventing any sort of discomfort. Use this back pack for office, college/school or during travels.",FUR JADEN
https://amzn.eu/d/btPlWEM,Martucci , ? 746 ,4,300,N/A,B0B7DT6HY3,"Martucci Spacy backpack is designed to be used everywhere you can use it as a college bag(as it has numerous pockets inside), a school bag(there is a very large space inside the bag that can be used to carry numerous books), travel backpack(the volume of this backpack is 35 liters and that is enough for traveling), laptop bag(as it contains a laptop sleeve). It is Black in color so that it will not become dirty easily it has padded straps to make it easy to carry. It is fully waterproof to protect your laptop, books, etc from water and rain. The material used in this bag is dust-free so, It has a Rain cover which is very useful in the rainy season to protect your backpack from rain. It can be used everywhere as well as by everyone be it men, women, boys, or girls.",Martucci
https://amzn.eu/d/6enyQi7,EUME ," ? 1,199 ",4.2,52,N/A,B08R563J3T,"access essentials in jiffy it has a dual front pocket that can easily,smart design,smart usuage",Avon Lifestyle Pvt Ltd
https://amzn.eu/d/0I7BRzy,Amazon Basics, ? 869 ,4.5,81,N/A,B0C8NWKRRH,N/A,?Outshiny India Pvt. Ltd.
https://amzn.eu/d/6SlnUfd,Veneer, ? 998 ,4.2,102,N/A,B09BMG8R6Y,"Veneer presenting new latest stylish design Polyurethane backpack bags. This bag is designed for modern fashion-conscious individuals who desire style along with functionality. This bag is crafted using unique PU fabric which is kind of an artificial leather to make it look elegant for both office and casual use. A perfect pick for daily use, this Polyester Trending Backpack can securely be used to carry mobile phone, cards, cosmetics, umbrella and other daily essential things in a safe, secure and arranged manner. This bag is also perfect for college purpose. Bag Compartments: This stylish backpack contain 1 large main zippered compartment that contain many items of daily uses, you can also use it anywhere for casual uses. This bag is simple yet quite attractive. The beautiful blue colour is eye-catchingly and can help you flaunt your distinguished nature. This bag may look small but it can offer adequate space where you can store your essentials. The easy-to-adjust shoulder straps enables extra comfort and convenience. As for its craftsmanship, it is well-crafted and comes with neat stitching. The bag is suitable for your daily wear, day trips, casual events and outings and you can carry it according to your requirement. Easy to clean dust with soft dry cloth.",THE HUTCH ENTERPRISES
https://amzn.eu/d/2N2HVUx,Aristocrat, ? 760 ,3.5,7,N/A,B09ZV86P4S,2 Main Compartments -Laptop Compatible -Side Fabric Pocket - Shouilder Strap Reinforcement,"VIP Industries Limited, DGP House, 88C, Old Prabhadevi Road, Prabhadevi, Mumbai 400025. India"
https://amzn.eu/d/eZnmKm7,House of Quirk," ? 1,399 ",4.3,661,N/A,B07QV7SH4S,"This Fashion Mummy Maternity Nappy Bag. Water Resistant Materials, easy to clean and durable.with large capacity, contains individual functional pockets,can hold all your essential items for baby care. Such as diapers,milk bottles,baby clothes and toys, well-designed side pocket for the wipes.",House of Quirk
https://amzn.eu/d/4srul1G,uppercase ," ? 1,800 ",4.3,22,N/A,B0BR1D4SL1,N/A,Acefour Accessories Pvt. Ltd
https://amzn.eu/d/0oaEWBh,POLESTAR, ? 669 ,4.1,973,N/A,B08421BRQ2,"RAIN COVER & PREMIUM FABRIC : POLESTAR RANKER”, Stylish and durable laptop backpack for school /college and travel. Easily accommodate 15.6 inch laptop. Size: 46 cm X 32 cm X 22 cm : 32 liters .We are providing a “ FREE RAIN COVER “ inside a bottom zipper pocket , which makes this An all-weather backpack . This “MAKE IN INDIA” Product features 2 large zippered compartments, 1 vertical long zip pocket at front, one laptop partition, 1 water bottle /umbrella pockets and Organizer Pockets inside. Suitable for casual usage, school / college / office n travel.",POLESTAR
https://amzn.eu/d/cSW8mpV,Impluse," ? 1,529 ",5,3,N/A,B0C1H2PRCF,"Impulse Backpack are made to give you comfort and durability, It is light in weight one backpack for all your needs",N/A
https://amzn.eu/d/bDpcTF2,Impluse," ? 1,439 ",4,1,N/A,B0C3MM9MPK,"Impulse Backpack are made to give you comfort and durability, It is light in weight one backpack for all your needs",N/A
https://amzn.eu/d/0I3MNse,Gear, ? 845 ,4.2,594,N/A,B012NW0J30,Three main compartments one front smaller compartment bottle holder mesh embedded organizer heavily padded sleeve which fits laptop padded grab handle.,Gear Merchandise PVT LTD
https://amzn.eu/d/evAgDwD,HARISSONS," ? 2,960 ",4.3,537,N/A,B07M5P5LW3,"Refresh your official attire with this multi-functional Vervo Laptop Backpack by Harissons Bags. The Vervo laptop backpack from Harissons is carefully engineered to secure your Laptop & Tablet and safely encase other belongings too. Perfect for your regular office or college as well as travel use.
Organize, protect and carry your laptop and essentials. Dedicated laptop & Tablet compartment with cushioned cradle & elastic strap Velcro lock which can safely accommodate up to a 15.6'' inch laptop",Harissons
https://amzn.eu/d/8bkcnVT,Half Moon, ? 699 ,3.5,5,N/A,B0C23BYDML,"A super-slim design, trendy looks and durable construction - this stylish 35 L backpack from Half Moon has got everything that will complement your youthful personality. With its spacious interiors, this unisex backpack is a great option for short road trips, college and work. Ergonomic design Crafted from polyester, this medium backpack is sturdy enough to withstand regular wear and tear gracefully. It features a cushioned base and internal back padding to offer you extra comfort. The padded shoulder straps of this bag can be easily adjusted according to your liking. Spacious Featuring one front pocket and three main compartments, all with speciality zippers, this bag offers you enough space to carry your books, files, coins, travel accessories, stationery, keys and mobile accessories. It comes with the Half Moon promise of quality.",Half_Moon (AB Amazing Bags)
https://amzn.eu/d/1BTDd8e,ADISA , ? 646 ,3.8,47,N/A,B0BPTV3795,"High Quality large and spacious laptop backpack with 2 compartments and 2 front easy-access pockets. One compartment is for carrying laptop inside with padding for safety and space for laptop accessories like charger, etc. Other compartment has organiser for pens, visiting cards, etc along with space for carrying papers, files, etc. It has provision for holding bottles on both sides and has padded shoulder straps for your comfort. It comes with a full sized rain cover.",ADISA
https://amzn.eu/d/6PQkb1d,Skybags, ? 904 ,4.1,13,N/A,B0B21Z3DBD,A super sleek and casual 22L daypack. Ideal for college student or a day tour. Big enough to carry all your essentials. Sleek enough to carry it with ease,"VIP Industries Limited, DGP House, 88C, Old Prabhadevi Road, Prabhadevi, Mumbai 400025. India"
https://amzn.eu/d/2icKkhS,Half Moon, ? 649 ,3.7,50,N/A,B0C23Z9W18,SCHOOL BAGS AND COLLEGE BAGPACK FOR MEN AND COLLEGE BACK PACK FOR WOMENS,Half_Moon
https://amzn.eu/d/4QwnseX,TABELITO, ? 599 ,4.6,150,N/A,B0BLK1Z7DQ,N/A,Tabelito Trade India
https://amzn.eu/d/dJI51qt,Half Moon, ? 589 ,3.7,46,N/A,B09QM9N1B3,"FEATURES: DURABLE MATERIAL: Made with strong polyester fabric with heavy zippers. Serves the need of a professional office laptop bag, college bag, student backpack, school bag and is suitable for all, i.e. boys, girls, men? and women? ; COMFY & STURDY: Its padded, adjustable shoulder straps do not put pressure on the shoulders. Foamed padded top handle is easy on your palm and fingers; DURABLE AND LIGHT WEIGHT MATERIAL: Made with strong yet light weight polyester fabric with heavy zippers; INTERNAL ORGANISER: This backpack features an Internal Organiser that is small pockets inside the front compartment for holding pens, ID cards, etc. These pockets are very useful in organizing your small day-to-day items; LOTS OF STORAGE SPACE & POCKETS: One separate Padded laptop compartment. Multiple compartments can store lots of stuff, that too organised.",HALF MOON
https://amzn.eu/d/irxhrIt,EUME ," ? 2,499 ",4.4,7,N/A,B0B4JNV37M,QUICK ACCESS TO MUST-HAVES,EUME Lifetsyle Pvt Ltd
https://amzn.eu/d/34CcSMZ,FUR JADAN, ? 799 ,4.4,71,N/A,B0BYSZ3TKW,"Stay organized all day with a durable and lightweight backpack from Fur Jaden. This back pack is a stylish and functional accessory for men and women. Can add admiration to an appealing and daring personality with a remarkable aesthetics and functionality. This backpack features an anti-theft design. You can also charge your phone on the go and organize your stuff like pro. Fur Jaden functional back pack is apt to protect your gadgets and belongings from being stolen while you travel, thanks to its special anti-theft design. Now keep your belongings safe with style. The backpack features multiple compartments that you may use for your laptop and other essentials. A remarkable feature of this backpack allows you to charge your phone while you are on the move. With an attached charging dock in the back you may connect a portable power bank with ease. Weighing about 600grams, this backpack is lightweight. The backpack is able to house a laptop of up to 15.6 inches and has seven inner compartments to place your other essentials. Made from durable quality polymer this Fur Jaden back pack is sturdy and reliable. Flaunt this bag with style and low maintenance as this bag is washable. This backpack is also suitable for school or college. The straps are designed to distribute the weight equally on each shoulder preventing any sort of discomfort. Use this back pack for office, college/school or during travels.

",FUR JADEN
,,,,,,,,
,, ` ,,,,,,
